"sk_dosen","nidn","nama_dosen","jabatan_fungsional","status_kepegawaian","sk_prodi","created_date","updated_date"
1,N100000,Dosen 1,Guru Besar,Kontrak,9,2025-12-06 21:36:41.533,2025-12-06 21:36:41.533
2,N100001,Dosen 2,Asisten Ahli,Tetap,3,2025-12-06 21:36:41.533,2025-12-06 21:36:41.533
3,N100002,Dosen 3,Lektor Kepala,Tetap,1,2025-12-06 21:36:41.533,2025-12-06 21:36:41.533
4,N100003,Dosen 4,Lektor Kepala,Kontrak,21,2025-12-06 21:36:41.533,2025-12-06 21:36:41.533
5,N100004,Dosen 5,Guru Besar,Tetap,16,2025-12-06 21:36:41.533,2025-12-06 21:36:41.533
6,N100005,Dosen 6,Asisten Ahli,Kontrak,6,2025-12-06 21:36:41.533,2025-12-06 21:36:41.533
7,N100006,Dosen 7,Asisten Ahli,Tetap,17,2025-12-06 21:36:41.533,2025-12-06 21:36:41.533
8,N100007,Dosen 8,Lektor Kepala,Tetap,5,2025-12-06 21:36:41.533,2025-12-06 21:36:41.533
9,N100008,Dosen 9,Lektor,Tetap,5,2025-12-06 21:36:41.533,2025-12-06 21:36:41.533
10,N100009,Dosen 10,Lektor Kepala,Tetap,6,2025-12-06 21:36:41.533,2025-12-06 21:36:41.533
11,N100010,Dosen 11,Lektor Kepala,Tetap,3,2025-12-06 21:36:41.533,2025-12-06 21:36:41.533
12,N100011,Dosen 12,Lektor Kepala,Kontrak,21,2025-12-06 21:36:41.533,2025-12-06 21:36:41.533
13,N100012,Dosen 13,Lektor Kepala,Tetap,5,2025-12-06 21:36:41.533,2025-12-06 21:36:41.533
14,N100013,Dosen 14,Guru Besar,Tetap,21,2025-12-06 21:36:41.533,2025-12-06 21:36:41.533
15,N100014,Dosen 15,Asisten Ahli,Kontrak,5,2025-12-06 21:36:41.533,2025-12-06 21:36:41.533
16,N100015,Dosen 16,Guru Besar,Kontrak,10,2025-12-06 21:36:41.533,2025-12-06 21:36:41.533
17,N100016,Dosen 17,Guru Besar,Tetap,10,2025-12-06 21:36:41.533,2025-12-06 21:36:41.533
18,N100017,Dosen 18,Guru Besar,Kontrak,19,2025-12-06 21:36:41.533,2025-12-06 21:36:41.533
19,N100018,Dosen 19,Lektor Kepala,Tetap,17,2025-12-06 21:36:41.533,2025-12-06 21:36:41.533
20,N100019,Dosen 20,Lektor,Tetap,21,2025-12-06 21:36:41.533,2025-12-06 21:36:41.533
21,N100020,Dosen 21,Asisten Ahli,Kontrak,14,2025-12-06 21:36:41.533,2025-12-06 21:36:41.533
22,N100021,Dosen 22,Lektor,Kontrak,9,2025-12-06 21:36:41.533,2025-12-06 21:36:41.533
23,N100022,Dosen 23,Guru Besar,Kontrak,14,2025-12-06 21:36:41.533,2025-12-06 21:36:41.533
24,N100023,Dosen 24,Guru Besar,Tetap,1,2025-12-06 21:36:41.533,2025-12-06 21:36:41.533
25,N100024,Dosen 25,Lektor,Kontrak,19,2025-12-06 21:36:41.533,2025-12-06 21:36:41.533
26,N100025,Dosen 26,Lektor,Kontrak,13,2025-12-06 21:36:41.533,2025-12-06 21:36:41.533
27,N100026,Dosen 27,Lektor,Kontrak,13,2025-12-06 21:36:41.533,2025-12-06 21:36:41.533
28,N100027,Dosen 28,Guru Besar,Kontrak,4,2025-12-06 21:36:41.533,2025-12-06 21:36:41.533
29,N100028,Dosen 29,Guru Besar,Tetap,1,2025-12-06 21:36:41.533,2025-12-06 21:36:41.533
30,N100029,Dosen 30,Asisten Ahli,Tetap,17,2025-12-06 21:36:41.533,2025-12-06 21:36:41.533
31,N100030,Dosen 31,Asisten Ahli,Tetap,8,2025-12-06 21:36:41.533,2025-12-06 21:36:41.533
32,N100031,Dosen 32,Guru Besar,Kontrak,2,2025-12-06 21:36:41.533,2025-12-06 21:36:41.533
33,N100032,Dosen 33,Lektor,Kontrak,8,2025-12-06 21:36:41.533,2025-12-06 21:36:41.533
34,N100033,Dosen 34,Lektor,Tetap,7,2025-12-06 21:36:41.533,2025-12-06 21:36:41.533
35,N100034,Dosen 35,Asisten Ahli,Tetap,2,2025-12-06 21:36:41.533,2025-12-06 21:36:41.533
36,N100035,Dosen 36,Guru Besar,Tetap,3,2025-12-06 21:36:41.533,2025-12-06 21:36:41.533
37,N100036,Dosen 37,Asisten Ahli,Tetap,18,2025-12-06 21:36:41.533,2025-12-06 21:36:41.533
38,N100037,Dosen 38,Asisten Ahli,Kontrak,12,2025-12-06 21:36:41.533,2025-12-06 21:36:41.533
39,N100038,Dosen 39,Lektor Kepala,Tetap,1,2025-12-06 21:36:41.533,2025-12-06 21:36:41.533
40,N100039,Dosen 40,Lektor Kepala,Tetap,12,2025-12-06 21:36:41.533,2025-12-06 21:36:41.533
41,N100040,Dosen 41,Lektor Kepala,Tetap,5,2025-12-06 21:36:41.533,2025-12-06 21:36:41.533
42,N100041,Dosen 42,Lektor,Tetap,17,2025-12-06 21:36:41.533,2025-12-06 21:36:41.533
43,N100042,Dosen 43,Guru Besar,Tetap,16,2025-12-06 21:36:41.533,2025-12-06 21:36:41.533
44,N100043,Dosen 44,Guru Besar,Kontrak,15,2025-12-06 21:36:41.533,2025-12-06 21:36:41.533
45,N100044,Dosen 45,Guru Besar,Kontrak,15,2025-12-06 21:36:41.533,2025-12-06 21:36:41.533
46,N100045,Dosen 46,Guru Besar,Tetap,5,2025-12-06 21:36:41.533,2025-12-06 21:36:41.533
47,N100046,Dosen 47,Lektor Kepala,Tetap,21,2025-12-06 21:36:41.533,2025-12-06 21:36:41.533
48,N100047,Dosen 48,Lektor,Tetap,14,2025-12-06 21:36:41.533,2025-12-06 21:36:41.533
49,N100048,Dosen 49,Lektor,Tetap,2,2025-12-06 21:36:41.533,2025-12-06 21:36:41.533
50,N100049,Dosen 50,Lektor Kepala,Tetap,11,2025-12-06 21:36:41.533,2025-12-06 21:36:41.533
51,N100050,Dosen 51,Lektor,Tetap,19,2025-12-06 21:36:41.533,2025-12-06 21:36:41.533
52,N100051,Dosen 52,Lektor Kepala,Kontrak,7,2025-12-06 21:36:41.533,2025-12-06 21:36:41.533
53,N100052,Dosen 53,Guru Besar,Tetap,6,2025-12-06 21:36:41.533,2025-12-06 21:36:41.533
54,N100053,Dosen 54,Lektor Kepala,Kontrak,2,2025-12-06 21:36:41.533,2025-12-06 21:36:41.533
55,N100054,Dosen 55,Guru Besar,Tetap,6,2025-12-06 21:36:41.533,2025-12-06 21:36:41.533
56,N100055,Dosen 56,Guru Besar,Tetap,18,2025-12-06 21:36:41.533,2025-12-06 21:36:41.533
57,N100056,Dosen 57,Asisten Ahli,Tetap,2,2025-12-06 21:36:41.533,2025-12-06 21:36:41.533
58,N100057,Dosen 58,Lektor Kepala,Tetap,18,2025-12-06 21:36:41.533,2025-12-06 21:36:41.533
59,N100058,Dosen 59,Asisten Ahli,Kontrak,15,2025-12-06 21:36:41.533,2025-12-06 21:36:41.533
60,N100059,Dosen 60,Lektor Kepala,Tetap,19,2025-12-06 21:36:41.533,2025-12-06 21:36:41.533
61,N100060,Dosen 61,Lektor Kepala,Tetap,2,2025-12-06 21:36:41.533,2025-12-06 21:36:41.533
62,N100061,Dosen 62,Asisten Ahli,Tetap,20,2025-12-06 21:36:41.533,2025-12-06 21:36:41.533
63,N100062,Dosen 63,Asisten Ahli,Kontrak,6,2025-12-06 21:36:41.533,2025-12-06 21:36:41.533
64,N100063,Dosen 64,Lektor Kepala,Tetap,1,2025-12-06 21:36:41.533,2025-12-06 21:36:41.533
65,N100064,Dosen 65,Lektor,Kontrak,15,2025-12-06 21:36:41.533,2025-12-06 21:36:41.533
66,N100065,Dosen 66,Guru Besar,Tetap,10,2025-12-06 21:36:41.533,2025-12-06 21:36:41.533
67,N100066,Dosen 67,Asisten Ahli,Tetap,19,2025-12-06 21:36:41.533,2025-12-06 21:36:41.533
68,N100067,Dosen 68,Guru Besar,Kontrak,17,2025-12-06 21:36:41.533,2025-12-06 21:36:41.533
69,N100068,Dosen 69,Lektor,Kontrak,5,2025-12-06 21:36:41.533,2025-12-06 21:36:41.533
70,N100069,Dosen 70,Lektor,Kontrak,4,2025-12-06 21:36:41.533,2025-12-06 21:36:41.533
71,N100070,Dosen 71,Lektor,Tetap,10,2025-12-06 21:36:41.533,2025-12-06 21:36:41.533
72,N100071,Dosen 72,Asisten Ahli,Tetap,17,2025-12-06 21:36:41.533,2025-12-06 21:36:41.533
73,N100072,Dosen 73,Lektor,Tetap,10,2025-12-06 21:36:41.533,2025-12-06 21:36:41.533
74,N100073,Dosen 74,Asisten Ahli,Kontrak,17,2025-12-06 21:36:41.533,2025-12-06 21:36:41.533
75,N100074,Dosen 75,Lektor,Tetap,20,2025-12-06 21:36:41.533,2025-12-06 21:36:41.533
76,N100075,Dosen 76,Guru Besar,Tetap,5,2025-12-06 21:36:41.533,2025-12-06 21:36:41.533
77,N100076,Dosen 77,Guru Besar,Tetap,2,2025-12-06 21:36:41.533,2025-12-06 21:36:41.533
78,N100077,Dosen 78,Lektor Kepala,Tetap,6,2025-12-06 21:36:41.533,2025-12-06 21:36:41.533
79,N100078,Dosen 79,Guru Besar,Tetap,21,2025-12-06 21:36:41.533,2025-12-06 21:36:41.533
80,N100079,Dosen 80,Lektor Kepala,Tetap,2,2025-12-06 21:36:41.533,2025-12-06 21:36:41.533
81,N100080,Dosen 81,Guru Besar,Tetap,13,2025-12-06 21:36:41.533,2025-12-06 21:36:41.533
82,N100081,Dosen 82,Asisten Ahli,Kontrak,11,2025-12-06 21:36:41.533,2025-12-06 21:36:41.533
83,N100082,Dosen 83,Guru Besar,Kontrak,11,2025-12-06 21:36:41.533,2025-12-06 21:36:41.533
84,N100083,Dosen 84,Lektor Kepala,Tetap,16,2025-12-06 21:36:41.533,2025-12-06 21:36:41.533
85,N100084,Dosen 85,Lektor Kepala,Tetap,11,2025-12-06 21:36:41.533,2025-12-06 21:36:41.533
86,N100085,Dosen 86,Lektor,Tetap,19,2025-12-06 21:36:41.533,2025-12-06 21:36:41.533
87,N100086,Dosen 87,Asisten Ahli,Tetap,15,2025-12-06 21:36:41.533,2025-12-06 21:36:41.533
88,N100087,Dosen 88,Guru Besar,Tetap,16,2025-12-06 21:36:41.533,2025-12-06 21:36:41.533
89,N100088,Dosen 89,Lektor,Tetap,11,2025-12-06 21:36:41.533,2025-12-06 21:36:41.533
90,N100089,Dosen 90,Guru Besar,Tetap,16,2025-12-06 21:36:41.533,2025-12-06 21:36:41.533
91,N100090,Dosen 91,Guru Besar,Kontrak,8,2025-12-06 21:36:41.533,2025-12-06 21:36:41.533
92,N100091,Dosen 92,Lektor,Tetap,4,2025-12-06 21:36:41.533,2025-12-06 21:36:41.533
93,N100092,Dosen 93,Lektor,Kontrak,8,2025-12-06 21:36:41.533,2025-12-06 21:36:41.533
94,N100093,Dosen 94,Lektor,Tetap,4,2025-12-06 21:36:41.533,2025-12-06 21:36:41.533
95,N100094,Dosen 95,Lektor,Tetap,3,2025-12-06 21:36:41.533,2025-12-06 21:36:41.533
96,N100095,Dosen 96,Lektor,Tetap,3,2025-12-06 21:36:41.533,2025-12-06 21:36:41.533
97,N100096,Dosen 97,Guru Besar,Tetap,18,2025-12-06 21:36:41.533,2025-12-06 21:36:41.533
98,N100097,Dosen 98,Lektor,Tetap,19,2025-12-06 21:36:41.533,2025-12-06 21:36:41.533
99,N100098,Dosen 99,Asisten Ahli,Tetap,19,2025-12-06 21:36:41.533,2025-12-06 21:36:41.533
100,N100099,Dosen 100,Lektor Kepala,Tetap,21,2025-12-06 21:36:41.533,2025-12-06 21:36:41.533
101,N100100,Dosen 101,Lektor,Tetap,5,2025-12-06 21:36:41.533,2025-12-06 21:36:41.533
102,N100101,Dosen 102,Lektor,Tetap,18,2025-12-06 21:36:41.533,2025-12-06 21:36:41.533
103,N100102,Dosen 103,Guru Besar,Tetap,10,2025-12-06 21:36:41.533,2025-12-06 21:36:41.533
104,N100103,Dosen 104,Lektor,Tetap,21,2025-12-06 21:36:41.533,2025-12-06 21:36:41.533
105,N100104,Dosen 105,Lektor,Tetap,6,2025-12-06 21:36:41.533,2025-12-06 21:36:41.533
106,N100105,Dosen 106,Lektor,Kontrak,1,2025-12-06 21:36:41.533,2025-12-06 21:36:41.533
107,N100106,Dosen 107,Guru Besar,Tetap,5,2025-12-06 21:36:41.533,2025-12-06 21:36:41.533
108,N100107,Dosen 108,Lektor,Tetap,9,2025-12-06 21:36:41.533,2025-12-06 21:36:41.533
109,N100108,Dosen 109,Lektor Kepala,Tetap,12,2025-12-06 21:36:41.533,2025-12-06 21:36:41.533
110,N100109,Dosen 110,Guru Besar,Tetap,14,2025-12-06 21:36:41.533,2025-12-06 21:36:41.533
111,N100110,Dosen 111,Lektor Kepala,Tetap,2,2025-12-06 21:36:41.533,2025-12-06 21:36:41.533
112,N100111,Dosen 112,Guru Besar,Tetap,17,2025-12-06 21:36:41.533,2025-12-06 21:36:41.533
113,N100112,Dosen 113,Lektor,Kontrak,14,2025-12-06 21:36:41.533,2025-12-06 21:36:41.533
114,N100113,Dosen 114,Lektor Kepala,Kontrak,13,2025-12-06 21:36:41.533,2025-12-06 21:36:41.533
115,N100114,Dosen 115,Guru Besar,Kontrak,9,2025-12-06 21:36:41.533,2025-12-06 21:36:41.533
116,N100115,Dosen 116,Asisten Ahli,Tetap,15,2025-12-06 21:36:41.533,2025-12-06 21:36:41.533
117,N100116,Dosen 117,Lektor,Tetap,15,2025-12-06 21:36:41.533,2025-12-06 21:36:41.533
118,N100117,Dosen 118,Guru Besar,Tetap,11,2025-12-06 21:36:41.533,2025-12-06 21:36:41.533
119,N100118,Dosen 119,Asisten Ahli,Tetap,16,2025-12-06 21:36:41.533,2025-12-06 21:36:41.533
120,N100119,Dosen 120,Guru Besar,Tetap,17,2025-12-06 21:36:41.533,2025-12-06 21:36:41.533
121,N100120,Dosen 121,Asisten Ahli,Kontrak,4,2025-12-06 21:36:41.533,2025-12-06 21:36:41.533
122,N100121,Dosen 122,Lektor,Tetap,1,2025-12-06 21:36:41.533,2025-12-06 21:36:41.533
123,N100122,Dosen 123,Lektor Kepala,Kontrak,8,2025-12-06 21:36:41.533,2025-12-06 21:36:41.533
124,N100123,Dosen 124,Asisten Ahli,Tetap,17,2025-12-06 21:36:41.533,2025-12-06 21:36:41.533
125,N100124,Dosen 125,Guru Besar,Kontrak,3,2025-12-06 21:36:41.533,2025-12-06 21:36:41.533
126,N100125,Dosen 126,Lektor,Tetap,20,2025-12-06 21:36:41.533,2025-12-06 21:36:41.533
127,N100126,Dosen 127,Asisten Ahli,Tetap,15,2025-12-06 21:36:41.533,2025-12-06 21:36:41.533
128,N100127,Dosen 128,Guru Besar,Tetap,15,2025-12-06 21:36:41.533,2025-12-06 21:36:41.533
129,N100128,Dosen 129,Guru Besar,Tetap,14,2025-12-06 21:36:41.533,2025-12-06 21:36:41.533
130,N100129,Dosen 130,Guru Besar,Tetap,14,2025-12-06 21:36:41.533,2025-12-06 21:36:41.533
131,N100130,Dosen 131,Asisten Ahli,Kontrak,2,2025-12-06 21:36:41.533,2025-12-06 21:36:41.533
132,N100131,Dosen 132,Asisten Ahli,Kontrak,13,2025-12-06 21:36:41.533,2025-12-06 21:36:41.533
133,N100132,Dosen 133,Asisten Ahli,Tetap,14,2025-12-06 21:36:41.533,2025-12-06 21:36:41.533
134,N100133,Dosen 134,Lektor Kepala,Tetap,19,2025-12-06 21:36:41.533,2025-12-06 21:36:41.533
135,N100134,Dosen 135,Asisten Ahli,Tetap,7,2025-12-06 21:36:41.533,2025-12-06 21:36:41.533
136,N100135,Dosen 136,Asisten Ahli,Kontrak,3,2025-12-06 21:36:41.533,2025-12-06 21:36:41.533
137,N100136,Dosen 137,Asisten Ahli,Tetap,15,2025-12-06 21:36:41.533,2025-12-06 21:36:41.533
138,N100137,Dosen 138,Lektor Kepala,Tetap,14,2025-12-06 21:36:41.533,2025-12-06 21:36:41.533
139,N100138,Dosen 139,Asisten Ahli,Tetap,11,2025-12-06 21:36:41.533,2025-12-06 21:36:41.533
140,N100139,Dosen 140,Guru Besar,Tetap,15,2025-12-06 21:36:41.533,2025-12-06 21:36:41.533
141,N100140,Dosen 141,Asisten Ahli,Tetap,13,2025-12-06 21:36:41.533,2025-12-06 21:36:41.533
142,N100141,Dosen 142,Guru Besar,Tetap,18,2025-12-06 21:36:41.533,2025-12-06 21:36:41.533
143,N100142,Dosen 143,Guru Besar,Kontrak,6,2025-12-06 21:36:41.533,2025-12-06 21:36:41.533
144,N100143,Dosen 144,Guru Besar,Tetap,3,2025-12-06 21:36:41.533,2025-12-06 21:36:41.533
145,N100144,Dosen 145,Lektor Kepala,Tetap,19,2025-12-06 21:36:41.533,2025-12-06 21:36:41.533
146,N100145,Dosen 146,Lektor Kepala,Tetap,15,2025-12-06 21:36:41.533,2025-12-06 21:36:41.533
147,N100146,Dosen 147,Lektor Kepala,Tetap,5,2025-12-06 21:36:41.533,2025-12-06 21:36:41.533
148,N100147,Dosen 148,Asisten Ahli,Kontrak,10,2025-12-06 21:36:41.533,2025-12-06 21:36:41.533
149,N100148,Dosen 149,Guru Besar,Tetap,7,2025-12-06 21:36:41.533,2025-12-06 21:36:41.533
150,N100149,Dosen 150,Lektor Kepala,Tetap,17,2025-12-06 21:36:41.533,2025-12-06 21:36:41.533
151,N100150,Dosen 151,Lektor Kepala,Tetap,7,2025-12-06 21:36:41.533,2025-12-06 21:36:41.533
152,N100151,Dosen 152,Asisten Ahli,Tetap,12,2025-12-06 21:36:41.533,2025-12-06 21:36:41.533
153,N100152,Dosen 153,Lektor Kepala,Kontrak,17,2025-12-06 21:36:41.533,2025-12-06 21:36:41.533
154,N100153,Dosen 154,Asisten Ahli,Tetap,13,2025-12-06 21:36:41.533,2025-12-06 21:36:41.533
155,N100154,Dosen 155,Lektor,Tetap,20,2025-12-06 21:36:41.533,2025-12-06 21:36:41.533
156,N100155,Dosen 156,Lektor Kepala,Tetap,4,2025-12-06 21:36:41.533,2025-12-06 21:36:41.533
157,N100156,Dosen 157,Lektor,Tetap,10,2025-12-06 21:36:41.533,2025-12-06 21:36:41.533
158,N100157,Dosen 158,Asisten Ahli,Tetap,3,2025-12-06 21:36:41.533,2025-12-06 21:36:41.533
159,N100158,Dosen 159,Guru Besar,Tetap,9,2025-12-06 21:36:41.533,2025-12-06 21:36:41.533
160,N100159,Dosen 160,Lektor Kepala,Tetap,13,2025-12-06 21:36:41.533,2025-12-06 21:36:41.533
161,N100160,Dosen 161,Asisten Ahli,Tetap,18,2025-12-06 21:36:41.533,2025-12-06 21:36:41.533
162,N100161,Dosen 162,Guru Besar,Kontrak,15,2025-12-06 21:36:41.533,2025-12-06 21:36:41.533
163,N100162,Dosen 163,Guru Besar,Tetap,4,2025-12-06 21:36:41.533,2025-12-06 21:36:41.533
164,N100163,Dosen 164,Lektor,Tetap,15,2025-12-06 21:36:41.533,2025-12-06 21:36:41.533
165,N100164,Dosen 165,Asisten Ahli,Kontrak,2,2025-12-06 21:36:41.533,2025-12-06 21:36:41.533
166,N100165,Dosen 166,Guru Besar,Kontrak,15,2025-12-06 21:36:41.533,2025-12-06 21:36:41.533
167,N100166,Dosen 167,Lektor Kepala,Tetap,8,2025-12-06 21:36:41.533,2025-12-06 21:36:41.533
168,N100167,Dosen 168,Lektor Kepala,Tetap,8,2025-12-06 21:36:41.533,2025-12-06 21:36:41.533
169,N100168,Dosen 169,Lektor,Tetap,17,2025-12-06 21:36:41.533,2025-12-06 21:36:41.533
170,N100169,Dosen 170,Guru Besar,Tetap,12,2025-12-06 21:36:41.533,2025-12-06 21:36:41.533
171,N100170,Dosen 171,Asisten Ahli,Kontrak,19,2025-12-06 21:36:41.533,2025-12-06 21:36:41.533
172,N100171,Dosen 172,Lektor Kepala,Kontrak,10,2025-12-06 21:36:41.533,2025-12-06 21:36:41.533
173,N100172,Dosen 173,Guru Besar,Tetap,9,2025-12-06 21:36:41.533,2025-12-06 21:36:41.533
174,N100173,Dosen 174,Guru Besar,Tetap,5,2025-12-06 21:36:41.533,2025-12-06 21:36:41.533
175,N100174,Dosen 175,Lektor,Kontrak,6,2025-12-06 21:36:41.533,2025-12-06 21:36:41.533
176,N100175,Dosen 176,Lektor Kepala,Tetap,20,2025-12-06 21:36:41.533,2025-12-06 21:36:41.533
177,N100176,Dosen 177,Lektor Kepala,Tetap,2,2025-12-06 21:36:41.533,2025-12-06 21:36:41.533
178,N100177,Dosen 178,Asisten Ahli,Tetap,13,2025-12-06 21:36:41.533,2025-12-06 21:36:41.533
179,N100178,Dosen 179,Lektor Kepala,Tetap,6,2025-12-06 21:36:41.533,2025-12-06 21:36:41.533
180,N100179,Dosen 180,Asisten Ahli,Kontrak,5,2025-12-06 21:36:41.533,2025-12-06 21:36:41.533
181,N100180,Dosen 181,Lektor Kepala,Kontrak,1,2025-12-06 21:36:41.533,2025-12-06 21:36:41.533
182,N100181,Dosen 182,Lektor,Kontrak,21,2025-12-06 21:36:41.533,2025-12-06 21:36:41.533
183,N100182,Dosen 183,Lektor Kepala,Tetap,21,2025-12-06 21:36:41.533,2025-12-06 21:36:41.533
184,N100183,Dosen 184,Asisten Ahli,Kontrak,6,2025-12-06 21:36:41.533,2025-12-06 21:36:41.533
185,N100184,Dosen 185,Asisten Ahli,Tetap,6,2025-12-06 21:36:41.533,2025-12-06 21:36:41.533
186,N100185,Dosen 186,Lektor,Tetap,16,2025-12-06 21:36:41.533,2025-12-06 21:36:41.533
187,N100186,Dosen 187,Lektor Kepala,Tetap,4,2025-12-06 21:36:41.533,2025-12-06 21:36:41.533
188,N100187,Dosen 188,Lektor Kepala,Kontrak,11,2025-12-06 21:36:41.533,2025-12-06 21:36:41.533
189,N100188,Dosen 189,Lektor,Kontrak,9,2025-12-06 21:36:41.533,2025-12-06 21:36:41.533
190,N100189,Dosen 190,Lektor Kepala,Tetap,3,2025-12-06 21:36:41.533,2025-12-06 21:36:41.533
191,N100190,Dosen 191,Lektor Kepala,Kontrak,19,2025-12-06 21:36:41.533,2025-12-06 21:36:41.533
192,N100191,Dosen 192,Asisten Ahli,Tetap,8,2025-12-06 21:36:41.533,2025-12-06 21:36:41.533
193,N100192,Dosen 193,Lektor Kepala,Tetap,5,2025-12-06 21:36:41.533,2025-12-06 21:36:41.533
194,N100193,Dosen 194,Lektor Kepala,Tetap,4,2025-12-06 21:36:41.533,2025-12-06 21:36:41.533
195,N100194,Dosen 195,Lektor,Tetap,6,2025-12-06 21:36:41.533,2025-12-06 21:36:41.533
196,N100195,Dosen 196,Lektor,Tetap,2,2025-12-06 21:36:41.533,2025-12-06 21:36:41.533
197,N100196,Dosen 197,Guru Besar,Tetap,20,2025-12-06 21:36:41.533,2025-12-06 21:36:41.533
198,N100197,Dosen 198,Asisten Ahli,Tetap,11,2025-12-06 21:36:41.533,2025-12-06 21:36:41.533
199,N100198,Dosen 199,Lektor Kepala,Tetap,4,2025-12-06 21:36:41.533,2025-12-06 21:36:41.533
200,N100199,Dosen 200,Lektor Kepala,Tetap,15,2025-12-06 21:36:41.533,2025-12-06 21:36:41.533
201,N100200,Dosen 201,Guru Besar,Tetap,6,2025-12-06 21:36:41.533,2025-12-06 21:36:41.533
202,N100201,Dosen 202,Lektor Kepala,Tetap,17,2025-12-06 21:36:41.533,2025-12-06 21:36:41.533
203,N100202,Dosen 203,Asisten Ahli,Tetap,6,2025-12-06 21:36:41.533,2025-12-06 21:36:41.533
204,N100203,Dosen 204,Guru Besar,Tetap,19,2025-12-06 21:36:41.533,2025-12-06 21:36:41.533
205,N100204,Dosen 205,Asisten Ahli,Tetap,2,2025-12-06 21:36:41.533,2025-12-06 21:36:41.533
206,N100205,Dosen 206,Guru Besar,Tetap,15,2025-12-06 21:36:41.533,2025-12-06 21:36:41.533
207,N100206,Dosen 207,Guru Besar,Tetap,11,2025-12-06 21:36:41.533,2025-12-06 21:36:41.533
208,N100207,Dosen 208,Lektor,Kontrak,8,2025-12-06 21:36:41.533,2025-12-06 21:36:41.533
209,N100208,Dosen 209,Asisten Ahli,Tetap,19,2025-12-06 21:36:41.533,2025-12-06 21:36:41.533
210,N100209,Dosen 210,Lektor Kepala,Tetap,13,2025-12-06 21:36:41.533,2025-12-06 21:36:41.533
211,N100210,Dosen 211,Lektor Kepala,Kontrak,12,2025-12-06 21:36:41.533,2025-12-06 21:36:41.533
212,N100211,Dosen 212,Asisten Ahli,Tetap,5,2025-12-06 21:36:41.533,2025-12-06 21:36:41.533
213,N100212,Dosen 213,Lektor Kepala,Tetap,6,2025-12-06 21:36:41.533,2025-12-06 21:36:41.533
214,N100213,Dosen 214,Lektor Kepala,Tetap,4,2025-12-06 21:36:41.533,2025-12-06 21:36:41.533
215,N100214,Dosen 215,Asisten Ahli,Tetap,19,2025-12-06 21:36:41.533,2025-12-06 21:36:41.533
216,N100215,Dosen 216,Guru Besar,Kontrak,20,2025-12-06 21:36:41.533,2025-12-06 21:36:41.533
217,N100216,Dosen 217,Asisten Ahli,Tetap,1,2025-12-06 21:36:41.533,2025-12-06 21:36:41.533
218,N100217,Dosen 218,Guru Besar,Tetap,20,2025-12-06 21:36:41.533,2025-12-06 21:36:41.533
219,N100218,Dosen 219,Lektor Kepala,Tetap,17,2025-12-06 21:36:41.533,2025-12-06 21:36:41.533
220,N100219,Dosen 220,Lektor Kepala,Kontrak,12,2025-12-06 21:36:41.533,2025-12-06 21:36:41.533
221,N100220,Dosen 221,Lektor Kepala,Tetap,15,2025-12-06 21:36:41.533,2025-12-06 21:36:41.533
222,N100221,Dosen 222,Lektor,Tetap,1,2025-12-06 21:36:41.533,2025-12-06 21:36:41.533
223,N100222,Dosen 223,Guru Besar,Tetap,14,2025-12-06 21:36:41.533,2025-12-06 21:36:41.533
224,N100223,Dosen 224,Lektor,Kontrak,6,2025-12-06 21:36:41.533,2025-12-06 21:36:41.533
225,N100224,Dosen 225,Lektor,Tetap,5,2025-12-06 21:36:41.533,2025-12-06 21:36:41.533
226,N100225,Dosen 226,Asisten Ahli,Tetap,11,2025-12-06 21:36:41.533,2025-12-06 21:36:41.533
227,N100226,Dosen 227,Lektor,Tetap,4,2025-12-06 21:36:41.533,2025-12-06 21:36:41.533
228,N100227,Dosen 228,Asisten Ahli,Tetap,13,2025-12-06 21:36:41.533,2025-12-06 21:36:41.533
229,N100228,Dosen 229,Asisten Ahli,Tetap,11,2025-12-06 21:36:41.533,2025-12-06 21:36:41.533
230,N100229,Dosen 230,Lektor,Tetap,3,2025-12-06 21:36:41.533,2025-12-06 21:36:41.533
231,N100230,Dosen 231,Guru Besar,Tetap,1,2025-12-06 21:36:41.533,2025-12-06 21:36:41.533
232,N100231,Dosen 232,Guru Besar,Tetap,6,2025-12-06 21:36:41.533,2025-12-06 21:36:41.533
233,N100232,Dosen 233,Guru Besar,Kontrak,18,2025-12-06 21:36:41.533,2025-12-06 21:36:41.533
234,N100233,Dosen 234,Guru Besar,Kontrak,10,2025-12-06 21:36:41.533,2025-12-06 21:36:41.533
235,N100234,Dosen 235,Guru Besar,Tetap,5,2025-12-06 21:36:41.533,2025-12-06 21:36:41.533
236,N100235,Dosen 236,Lektor,Kontrak,10,2025-12-06 21:36:41.533,2025-12-06 21:36:41.533
237,N100236,Dosen 237,Lektor,Tetap,12,2025-12-06 21:36:41.533,2025-12-06 21:36:41.533
238,N100237,Dosen 238,Lektor Kepala,Tetap,2,2025-12-06 21:36:41.533,2025-12-06 21:36:41.533
239,N100238,Dosen 239,Guru Besar,Tetap,13,2025-12-06 21:36:41.533,2025-12-06 21:36:41.533
240,N100239,Dosen 240,Lektor,Tetap,8,2025-12-06 21:36:41.533,2025-12-06 21:36:41.533
241,N100240,Dosen 241,Lektor Kepala,Tetap,2,2025-12-06 21:36:41.533,2025-12-06 21:36:41.533
242,N100241,Dosen 242,Guru Besar,Tetap,20,2025-12-06 21:36:41.533,2025-12-06 21:36:41.533
243,N100242,Dosen 243,Asisten Ahli,Tetap,1,2025-12-06 21:36:41.533,2025-12-06 21:36:41.533
244,N100243,Dosen 244,Lektor Kepala,Tetap,5,2025-12-06 21:36:41.533,2025-12-06 21:36:41.533
245,N100244,Dosen 245,Lektor,Kontrak,9,2025-12-06 21:36:41.533,2025-12-06 21:36:41.533
246,N100245,Dosen 246,Asisten Ahli,Kontrak,17,2025-12-06 21:36:41.533,2025-12-06 21:36:41.533
247,N100246,Dosen 247,Asisten Ahli,Tetap,9,2025-12-06 21:36:41.533,2025-12-06 21:36:41.533
248,N100247,Dosen 248,Asisten Ahli,Kontrak,11,2025-12-06 21:36:41.533,2025-12-06 21:36:41.533
249,N100248,Dosen 249,Lektor Kepala,Kontrak,15,2025-12-06 21:36:41.533,2025-12-06 21:36:41.533
250,N100249,Dosen 250,Lektor,Kontrak,6,2025-12-06 21:36:41.533,2025-12-06 21:36:41.533
251,N100250,Dosen 251,Asisten Ahli,Tetap,3,2025-12-06 21:36:41.533,2025-12-06 21:36:41.533
252,N100251,Dosen 252,Guru Besar,Kontrak,17,2025-12-06 21:36:41.533,2025-12-06 21:36:41.533
253,N100252,Dosen 253,Asisten Ahli,Tetap,5,2025-12-06 21:36:41.533,2025-12-06 21:36:41.533
254,N100253,Dosen 254,Asisten Ahli,Kontrak,12,2025-12-06 21:36:41.533,2025-12-06 21:36:41.533
255,N100254,Dosen 255,Lektor Kepala,Kontrak,18,2025-12-06 21:36:41.533,2025-12-06 21:36:41.533
256,N100255,Dosen 256,Lektor Kepala,Tetap,14,2025-12-06 21:36:41.533,2025-12-06 21:36:41.533
257,N100256,Dosen 257,Lektor,Kontrak,21,2025-12-06 21:36:41.533,2025-12-06 21:36:41.533
258,N100257,Dosen 258,Guru Besar,Kontrak,11,2025-12-06 21:36:41.533,2025-12-06 21:36:41.533
259,N100258,Dosen 259,Lektor Kepala,Kontrak,9,2025-12-06 21:36:41.533,2025-12-06 21:36:41.533
260,N100259,Dosen 260,Asisten Ahli,Tetap,2,2025-12-06 21:36:41.533,2025-12-06 21:36:41.533
261,N100260,Dosen 261,Lektor,Tetap,12,2025-12-06 21:36:41.533,2025-12-06 21:36:41.533
262,N100261,Dosen 262,Asisten Ahli,Tetap,3,2025-12-06 21:36:41.533,2025-12-06 21:36:41.533
263,N100262,Dosen 263,Asisten Ahli,Kontrak,3,2025-12-06 21:36:41.533,2025-12-06 21:36:41.533
264,N100263,Dosen 264,Lektor Kepala,Tetap,1,2025-12-06 21:36:41.533,2025-12-06 21:36:41.533
265,N100264,Dosen 265,Lektor,Tetap,8,2025-12-06 21:36:41.533,2025-12-06 21:36:41.533
266,N100265,Dosen 266,Guru Besar,Tetap,8,2025-12-06 21:36:41.533,2025-12-06 21:36:41.533
267,N100266,Dosen 267,Guru Besar,Tetap,11,2025-12-06 21:36:41.533,2025-12-06 21:36:41.533
268,N100267,Dosen 268,Lektor Kepala,Kontrak,9,2025-12-06 21:36:41.533,2025-12-06 21:36:41.533
269,N100268,Dosen 269,Lektor Kepala,Kontrak,5,2025-12-06 21:36:41.533,2025-12-06 21:36:41.533
270,N100269,Dosen 270,Lektor,Tetap,14,2025-12-06 21:36:41.533,2025-12-06 21:36:41.533
271,N100270,Dosen 271,Guru Besar,Kontrak,3,2025-12-06 21:36:41.533,2025-12-06 21:36:41.533
272,N100271,Dosen 272,Guru Besar,Tetap,21,2025-12-06 21:36:41.533,2025-12-06 21:36:41.533
273,N100272,Dosen 273,Guru Besar,Tetap,5,2025-12-06 21:36:41.533,2025-12-06 21:36:41.533
274,N100273,Dosen 274,Asisten Ahli,Kontrak,5,2025-12-06 21:36:41.533,2025-12-06 21:36:41.533
275,N100274,Dosen 275,Guru Besar,Tetap,19,2025-12-06 21:36:41.533,2025-12-06 21:36:41.533
276,N100275,Dosen 276,Asisten Ahli,Tetap,14,2025-12-06 21:36:41.533,2025-12-06 21:36:41.533
277,N100276,Dosen 277,Lektor,Kontrak,4,2025-12-06 21:36:41.533,2025-12-06 21:36:41.533
278,N100277,Dosen 278,Asisten Ahli,Tetap,13,2025-12-06 21:36:41.533,2025-12-06 21:36:41.533
279,N100278,Dosen 279,Lektor,Tetap,10,2025-12-06 21:36:41.533,2025-12-06 21:36:41.533
280,N100279,Dosen 280,Guru Besar,Tetap,18,2025-12-06 21:36:41.533,2025-12-06 21:36:41.533
281,N100280,Dosen 281,Guru Besar,Tetap,8,2025-12-06 21:36:41.533,2025-12-06 21:36:41.533
282,N100281,Dosen 282,Lektor,Tetap,8,2025-12-06 21:36:41.533,2025-12-06 21:36:41.533
283,N100282,Dosen 283,Lektor Kepala,Tetap,7,2025-12-06 21:36:41.533,2025-12-06 21:36:41.533
284,N100283,Dosen 284,Lektor,Kontrak,8,2025-12-06 21:36:41.533,2025-12-06 21:36:41.533
285,N100284,Dosen 285,Lektor Kepala,Kontrak,14,2025-12-06 21:36:41.533,2025-12-06 21:36:41.533
286,N100285,Dosen 286,Asisten Ahli,Kontrak,19,2025-12-06 21:36:41.533,2025-12-06 21:36:41.533
287,N100286,Dosen 287,Asisten Ahli,Kontrak,6,2025-12-06 21:36:41.533,2025-12-06 21:36:41.533
288,N100287,Dosen 288,Asisten Ahli,Tetap,1,2025-12-06 21:36:41.533,2025-12-06 21:36:41.533
289,N100288,Dosen 289,Guru Besar,Tetap,15,2025-12-06 21:36:41.533,2025-12-06 21:36:41.533
290,N100289,Dosen 290,Asisten Ahli,Tetap,1,2025-12-06 21:36:41.533,2025-12-06 21:36:41.533
291,N100290,Dosen 291,Lektor Kepala,Tetap,17,2025-12-06 21:36:41.533,2025-12-06 21:36:41.533
292,N100291,Dosen 292,Asisten Ahli,Tetap,1,2025-12-06 21:36:41.533,2025-12-06 21:36:41.533
293,N100292,Dosen 293,Lektor,Tetap,15,2025-12-06 21:36:41.533,2025-12-06 21:36:41.533
294,N100293,Dosen 294,Lektor,Tetap,2,2025-12-06 21:36:41.533,2025-12-06 21:36:41.533
295,N100294,Dosen 295,Guru Besar,Kontrak,14,2025-12-06 21:36:41.533,2025-12-06 21:36:41.533
296,N100295,Dosen 296,Lektor,Kontrak,21,2025-12-06 21:36:41.533,2025-12-06 21:36:41.533
297,N100296,Dosen 297,Lektor Kepala,Tetap,8,2025-12-06 21:36:41.533,2025-12-06 21:36:41.533
298,N100297,Dosen 298,Asisten Ahli,Tetap,8,2025-12-06 21:36:41.533,2025-12-06 21:36:41.533
299,N100298,Dosen 299,Guru Besar,Tetap,19,2025-12-06 21:36:41.533,2025-12-06 21:36:41.533
300,N100299,Dosen 300,Asisten Ahli,Kontrak,7,2025-12-06 21:36:41.533,2025-12-06 21:36:41.533
301,N100300,Dosen 301,Asisten Ahli,Kontrak,19,2025-12-06 21:36:41.533,2025-12-06 21:36:41.533
302,N100301,Dosen 302,Lektor Kepala,Tetap,6,2025-12-06 21:36:41.533,2025-12-06 21:36:41.533
303,N100302,Dosen 303,Lektor,Tetap,6,2025-12-06 21:36:41.533,2025-12-06 21:36:41.533
304,N100303,Dosen 304,Lektor,Tetap,3,2025-12-06 21:36:41.533,2025-12-06 21:36:41.533
305,N100304,Dosen 305,Asisten Ahli,Tetap,7,2025-12-06 21:36:41.533,2025-12-06 21:36:41.533
306,N100305,Dosen 306,Guru Besar,Tetap,19,2025-12-06 21:36:41.533,2025-12-06 21:36:41.533
307,N100306,Dosen 307,Lektor,Tetap,8,2025-12-06 21:36:41.533,2025-12-06 21:36:41.533
308,N100307,Dosen 308,Guru Besar,Kontrak,10,2025-12-06 21:36:41.533,2025-12-06 21:36:41.533
309,N100308,Dosen 309,Lektor,Tetap,20,2025-12-06 21:36:41.533,2025-12-06 21:36:41.533
310,N100309,Dosen 310,Guru Besar,Tetap,15,2025-12-06 21:36:41.533,2025-12-06 21:36:41.533
311,N100310,Dosen 311,Lektor Kepala,Kontrak,15,2025-12-06 21:36:41.533,2025-12-06 21:36:41.533
312,N100311,Dosen 312,Guru Besar,Kontrak,1,2025-12-06 21:36:41.533,2025-12-06 21:36:41.533
313,N100312,Dosen 313,Lektor Kepala,Kontrak,20,2025-12-06 21:36:41.533,2025-12-06 21:36:41.533
314,N100313,Dosen 314,Lektor Kepala,Tetap,7,2025-12-06 21:36:41.533,2025-12-06 21:36:41.533
315,N100314,Dosen 315,Guru Besar,Tetap,4,2025-12-06 21:36:41.533,2025-12-06 21:36:41.533
316,N100315,Dosen 316,Lektor Kepala,Tetap,6,2025-12-06 21:36:41.533,2025-12-06 21:36:41.533
317,N100316,Dosen 317,Asisten Ahli,Tetap,1,2025-12-06 21:36:41.533,2025-12-06 21:36:41.533
318,N100317,Dosen 318,Lektor Kepala,Tetap,5,2025-12-06 21:36:41.533,2025-12-06 21:36:41.533
319,N100318,Dosen 319,Lektor,Tetap,1,2025-12-06 21:36:41.533,2025-12-06 21:36:41.533
320,N100319,Dosen 320,Guru Besar,Tetap,4,2025-12-06 21:36:41.533,2025-12-06 21:36:41.533
321,N100320,Dosen 321,Asisten Ahli,Tetap,2,2025-12-06 21:36:41.533,2025-12-06 21:36:41.533
322,N100321,Dosen 322,Guru Besar,Tetap,10,2025-12-06 21:36:41.533,2025-12-06 21:36:41.533
323,N100322,Dosen 323,Lektor,Tetap,5,2025-12-06 21:36:41.533,2025-12-06 21:36:41.533
324,N100323,Dosen 324,Lektor,Tetap,10,2025-12-06 21:36:41.533,2025-12-06 21:36:41.533
325,N100324,Dosen 325,Lektor,Tetap,1,2025-12-06 21:36:41.533,2025-12-06 21:36:41.533
326,N100325,Dosen 326,Lektor Kepala,Tetap,6,2025-12-06 21:36:41.533,2025-12-06 21:36:41.533
327,N100326,Dosen 327,Lektor Kepala,Tetap,13,2025-12-06 21:36:41.533,2025-12-06 21:36:41.533
328,N100327,Dosen 328,Guru Besar,Tetap,15,2025-12-06 21:36:41.533,2025-12-06 21:36:41.533
329,N100328,Dosen 329,Guru Besar,Tetap,4,2025-12-06 21:36:41.533,2025-12-06 21:36:41.533
330,N100329,Dosen 330,Asisten Ahli,Tetap,13,2025-12-06 21:36:41.533,2025-12-06 21:36:41.533
331,N100330,Dosen 331,Asisten Ahli,Tetap,20,2025-12-06 21:36:41.533,2025-12-06 21:36:41.533
332,N100331,Dosen 332,Guru Besar,Tetap,15,2025-12-06 21:36:41.533,2025-12-06 21:36:41.533
333,N100332,Dosen 333,Lektor Kepala,Kontrak,8,2025-12-06 21:36:41.533,2025-12-06 21:36:41.533
334,N100333,Dosen 334,Lektor,Tetap,5,2025-12-06 21:36:41.533,2025-12-06 21:36:41.533
335,N100334,Dosen 335,Guru Besar,Tetap,15,2025-12-06 21:36:41.533,2025-12-06 21:36:41.533
336,N100335,Dosen 336,Asisten Ahli,Kontrak,4,2025-12-06 21:36:41.533,2025-12-06 21:36:41.533
337,N100336,Dosen 337,Lektor Kepala,Tetap,12,2025-12-06 21:36:41.533,2025-12-06 21:36:41.533
338,N100337,Dosen 338,Guru Besar,Kontrak,13,2025-12-06 21:36:41.533,2025-12-06 21:36:41.533
339,N100338,Dosen 339,Guru Besar,Tetap,2,2025-12-06 21:36:41.533,2025-12-06 21:36:41.533
340,N100339,Dosen 340,Lektor Kepala,Tetap,19,2025-12-06 21:36:41.533,2025-12-06 21:36:41.533
341,N100340,Dosen 341,Guru Besar,Tetap,19,2025-12-06 21:36:41.533,2025-12-06 21:36:41.533
342,N100341,Dosen 342,Lektor Kepala,Kontrak,4,2025-12-06 21:36:41.533,2025-12-06 21:36:41.533
343,N100342,Dosen 343,Lektor,Tetap,4,2025-12-06 21:36:41.533,2025-12-06 21:36:41.533
344,N100343,Dosen 344,Lektor Kepala,Kontrak,11,2025-12-06 21:36:41.533,2025-12-06 21:36:41.533
345,N100344,Dosen 345,Lektor Kepala,Tetap,5,2025-12-06 21:36:41.533,2025-12-06 21:36:41.533
346,N100345,Dosen 346,Lektor Kepala,Kontrak,20,2025-12-06 21:36:41.533,2025-12-06 21:36:41.533
347,N100346,Dosen 347,Guru Besar,Tetap,11,2025-12-06 21:36:41.533,2025-12-06 21:36:41.533
348,N100347,Dosen 348,Guru Besar,Kontrak,10,2025-12-06 21:36:41.533,2025-12-06 21:36:41.533
349,N100348,Dosen 349,Lektor Kepala,Tetap,8,2025-12-06 21:36:41.533,2025-12-06 21:36:41.533
350,N100349,Dosen 350,Guru Besar,Tetap,6,2025-12-06 21:36:41.533,2025-12-06 21:36:41.533
