"source_file","id_anggaran","kode_prodi","total_anggaran","tahun","extract_ts","row_hash"
dummy_anggaran.csv,AG000027,P14,108532070.89,2022,2025-12-06 21:36:41.567,
dummy_anggaran.csv,AG000006,P15,85965113.03,2021,2025-12-06 21:36:41.567,
dummy_anggaran.csv,AG000038,P07,119080493.28,2024,2025-12-06 21:36:41.567,
dummy_anggaran.csv,AG000053,P11,124690784.53,2020,2025-12-06 21:36:41.567,
dummy_anggaran.csv,AG000084,P20,60691611.18,2020,2025-12-06 21:36:41.567,
dummy_anggaran.csv,AG000073,P18,147359037.59,2024,2025-12-06 21:36:41.567,
dummy_anggaran.csv,AG000097,P05,91263056.91,2020,2025-12-06 21:36:41.567,
dummy_anggaran.csv,AG000105,P14,163224115.8,2022,2025-12-06 21:36:41.567,
dummy_anggaran.csv,AG000003,P21,64835528.95,2023,2025-12-06 21:36:41.567,
dummy_anggaran.csv,AG000041,P20,143620723.74,2024,2025-12-06 21:36:41.567,
dummy_anggaran.csv,AG000090,P04,94110673.88,2024,2025-12-06 21:36:41.567,
dummy_anggaran.csv,AG000048,P08,170723804.54,2024,2025-12-06 21:36:41.567,
dummy_anggaran.csv,AG000052,P08,67478831.1,2023,2025-12-06 21:36:41.567,
dummy_anggaran.csv,AG000079,P08,72686044.42,2023,2025-12-06 21:36:41.567,
dummy_anggaran.csv,AG000016,P16,52201885.26,2020,2025-12-06 21:36:41.567,
dummy_anggaran.csv,AG000033,P06,186856233.73,2023,2025-12-06 21:36:41.567,
dummy_anggaran.csv,AG000023,P10,152290067.48,2024,2025-12-06 21:36:41.567,
dummy_anggaran.csv,AG000066,P12,125167717.6,2021,2025-12-06 21:36:41.567,
dummy_anggaran.csv,AG000100,P10,155374935.98,2020,2025-12-06 21:36:41.567,
dummy_anggaran.csv,AG000091,P04,118766510.05,2024,2025-12-06 21:36:41.567,
dummy_anggaran.csv,AG000032,P18,144882416.69,2021,2025-12-06 21:36:41.567,
dummy_anggaran.csv,AG000104,P17,58835377.28,2021,2025-12-06 21:36:41.567,
dummy_anggaran.csv,AG000037,P01,196844864.97,2021,2025-12-06 21:36:41.567,
dummy_anggaran.csv,AG000013,P10,163625795.14,2021,2025-12-06 21:36:41.567,
dummy_anggaran.csv,AG000004,P13,151951003.28,2022,2025-12-06 21:36:41.567,
dummy_anggaran.csv,AG000088,P12,122083903.15,2022,2025-12-06 21:36:41.567,
dummy_anggaran.csv,AG000067,P07,157080956.79,2021,2025-12-06 21:36:41.567,
dummy_anggaran.csv,AG000024,P10,73517203.27,2020,2025-12-06 21:36:41.567,
dummy_anggaran.csv,AG000060,P05,147182026.03,2024,2025-12-06 21:36:41.567,
dummy_anggaran.csv,AG000035,P21,88483775.94,2022,2025-12-06 21:36:41.567,
dummy_anggaran.csv,AG000015,P13,105222534.87,2024,2025-12-06 21:36:41.567,
dummy_anggaran.csv,AG000040,P08,105093866.16,2022,2025-12-06 21:36:41.567,
dummy_anggaran.csv,AG000083,P19,99144569.25,2023,2025-12-06 21:36:41.567,
dummy_anggaran.csv,AG000031,P14,152342360.69,2023,2025-12-06 21:36:41.567,
dummy_anggaran.csv,AG000046,P11,130232940.49,2021,2025-12-06 21:36:41.567,
dummy_anggaran.csv,AG000034,P01,75960356.26,2020,2025-12-06 21:36:41.567,
dummy_anggaran.csv,AG000025,P18,118115798.49,2020,2025-12-06 21:36:41.567,
dummy_anggaran.csv,AG000011,P12,63590452.4,2020,2025-12-06 21:36:41.567,
dummy_anggaran.csv,AG000077,P03,112089284.91,2021,2025-12-06 21:36:41.567,
dummy_anggaran.csv,AG000094,P10,117086106.23,2021,2025-12-06 21:36:41.567,
dummy_anggaran.csv,AG000029,P17,99415210.75,2020,2025-12-06 21:36:41.567,
dummy_anggaran.csv,AG000096,P01,61529116.91,2020,2025-12-06 21:36:41.567,
dummy_anggaran.csv,AG000051,P16,191444824.35,2022,2025-12-06 21:36:41.567,
dummy_anggaran.csv,AG000093,P12,126979033.2,2024,2025-12-06 21:36:41.567,
dummy_anggaran.csv,AG000071,P15,64130160.2,2022,2025-12-06 21:36:41.567,
dummy_anggaran.csv,AG000043,P11,189645558.27,2021,2025-12-06 21:36:41.567,
dummy_anggaran.csv,AG000018,P02,111242917.98,2023,2025-12-06 21:36:41.567,
dummy_anggaran.csv,AG000044,P06,109061662.51,2021,2025-12-06 21:36:41.567,
dummy_anggaran.csv,AG000009,P09,59981422.27,2020,2025-12-06 21:36:41.567,
dummy_anggaran.csv,AG000101,P10,136390847.4,2022,2025-12-06 21:36:41.567,
dummy_anggaran.csv,AG000001,P05,134495507.12,2023,2025-12-06 21:36:41.567,
dummy_anggaran.csv,AG000005,P20,167937474.24,2021,2025-12-06 21:36:41.567,
dummy_anggaran.csv,AG000065,P01,172428659.41,2024,2025-12-06 21:36:41.567,
dummy_anggaran.csv,AG000082,P07,194533921.53,2024,2025-12-06 21:36:41.567,
dummy_anggaran.csv,AG000069,P11,159914852.16,2024,2025-12-06 21:36:41.567,
dummy_anggaran.csv,AG000081,P17,112864260.58,2023,2025-12-06 21:36:41.567,
dummy_anggaran.csv,AG000028,P10,79115565.08,2022,2025-12-06 21:36:41.567,
dummy_anggaran.csv,AG000072,P12,196052143.16,2024,2025-12-06 21:36:41.567,
dummy_anggaran.csv,AG000050,P18,146861917.32,2024,2025-12-06 21:36:41.567,
dummy_anggaran.csv,AG000039,P14,58505771.9,2020,2025-12-06 21:36:41.567,
dummy_anggaran.csv,AG000092,P12,87324733.35,2021,2025-12-06 21:36:41.567,
dummy_anggaran.csv,AG000089,P11,106912851.78,2020,2025-12-06 21:36:41.567,
dummy_anggaran.csv,AG000057,P07,161077519.93,2021,2025-12-06 21:36:41.567,
dummy_anggaran.csv,AG000062,P01,61102998.54,2020,2025-12-06 21:36:41.567,
dummy_anggaran.csv,AG000007,P16,194591190.05,2024,2025-12-06 21:36:41.567,
dummy_anggaran.csv,AG000070,P19,190435085.18,2021,2025-12-06 21:36:41.567,
dummy_anggaran.csv,AG000078,P15,188632129.13,2022,2025-12-06 21:36:41.567,
dummy_anggaran.csv,AG000085,P07,121709363.99,2021,2025-12-06 21:36:41.567,
dummy_anggaran.csv,AG000012,P04,192803641.58,2021,2025-12-06 21:36:41.567,
dummy_anggaran.csv,AG000056,P19,176546812.35,2022,2025-12-06 21:36:41.567,
dummy_anggaran.csv,AG000042,P09,88872229.8,2024,2025-12-06 21:36:41.567,
dummy_anggaran.csv,AG000020,P20,197121539.6,2023,2025-12-06 21:36:41.567,
dummy_anggaran.csv,AG000102,P14,149234087.13,2020,2025-12-06 21:36:41.567,
dummy_anggaran.csv,AG000030,P08,70286117.84,2022,2025-12-06 21:36:41.567,
dummy_anggaran.csv,AG000045,P19,190194009.88,2022,2025-12-06 21:36:41.567,
dummy_anggaran.csv,AG000098,P07,61260693.89,2021,2025-12-06 21:36:41.567,
dummy_anggaran.csv,AG000026,P10,181421652.49,2024,2025-12-06 21:36:41.567,
dummy_anggaran.csv,AG000063,P17,58655070.42,2023,2025-12-06 21:36:41.567,
dummy_anggaran.csv,AG000017,P06,50016534.77,2023,2025-12-06 21:36:41.567,
dummy_anggaran.csv,AG000022,P05,73598459.27,2022,2025-12-06 21:36:41.567,
dummy_anggaran.csv,AG000014,P15,80481138.99,2023,2025-12-06 21:36:41.567,
dummy_anggaran.csv,AG000068,P14,138554693.28,2023,2025-12-06 21:36:41.567,
dummy_anggaran.csv,AG000080,P21,115458988.91,2022,2025-12-06 21:36:41.567,
dummy_anggaran.csv,AG000099,P02,76525101.81,2020,2025-12-06 21:36:41.567,
dummy_anggaran.csv,AG000008,P11,162060160.15,2023,2025-12-06 21:36:41.567,
dummy_anggaran.csv,AG000075,P06,166024855.15,2021,2025-12-06 21:36:41.567,
dummy_anggaran.csv,AG000002,P02,172491252.7,2024,2025-12-06 21:36:41.567,
dummy_anggaran.csv,AG000059,P07,74278199.54,2021,2025-12-06 21:36:41.567,
dummy_anggaran.csv,AG000061,P12,69310071.41,2020,2025-12-06 21:36:41.567,
dummy_anggaran.csv,AG000054,P19,69984456.09,2020,2025-12-06 21:36:41.567,
dummy_anggaran.csv,AG000049,P01,68078275.97,2020,2025-12-06 21:36:41.567,
dummy_anggaran.csv,AG000103,P08,151567395.77,2024,2025-12-06 21:36:41.567,
dummy_anggaran.csv,AG000064,P17,139758419.63,2020,2025-12-06 21:36:41.567,
dummy_anggaran.csv,AG000087,P17,135780838.18,2020,2025-12-06 21:36:41.567,
dummy_anggaran.csv,AG000019,P15,71749364.83,2024,2025-12-06 21:36:41.567,
dummy_anggaran.csv,AG000058,P18,159054707.13,2020,2025-12-06 21:36:41.567,
dummy_anggaran.csv,AG000074,P11,119812503.56,2023,2025-12-06 21:36:41.567,
dummy_anggaran.csv,AG000036,P10,60583693.29,2024,2025-12-06 21:36:41.567,
dummy_anggaran.csv,AG000095,P12,117878708.63,2020,2025-12-06 21:36:41.567,
dummy_anggaran.csv,AG000055,P06,140750857.97,2022,2025-12-06 21:36:41.567,
dummy_anggaran.csv,AG000047,P08,100679741.55,2024,2025-12-06 21:36:41.567,
dummy_anggaran.csv,AG000021,P16,186711092.47,2024,2025-12-06 21:36:41.567,
dummy_anggaran.csv,AG000010,P08,112830457.96,2020,2025-12-06 21:36:41.567,
dummy_anggaran.csv,AG000076,P07,181828227.87,2024,2025-12-06 21:36:41.567,
dummy_anggaran.csv,AG000086,P15,172571289.98,2021,2025-12-06 21:36:41.567,
